--create database, tables and insert data
CREATE DATABASE IF NOT EXISTS Lucky_Shrub; 

USE Lucky_Shrub; 
 
CREATE TABLE Clients (ClientID VARCHAR(10) primary key, FullName VARCHAR(100), ContactNumber INT, AddressID INT); 
  
CREATE TABLE Products (ProductID VARCHAR(10) primary key, ProductName VARCHAR(100), BuyPrice DECIMAL(6,2), SellPrice DECIMAL(6,2), NumberOfItems INT);  
  
Create table Addresses(AddressID INT PRIMARY KEY, Street VARCHAR(255), County VARCHAR(100)); 
  
CREATE TABLE Employees (EmployeeID INT primary key, FullName VARCHAR(100), JobTitle VARCHAR(50), Department VARCHAR(200), AddressID INT);  
  
CREATE TABLE Activity( ActivityID INT PRIMARY KEY, Properties JSON ); 
  
CREATE TABLE Audit(AuditID INT AUTO_INCREMENT PRIMARY KEY, OrderDateTime TIMESTAMP NOT NULL  );  
  
CREATE TABLE Orders (OrderID INT NOT NULL PRIMARY KEY,  
ClientID VARCHAR(10), ProductID VARCHAR(10), Quantity INT, Cost DECIMAL(6,2), Date DATE,  
FOREIGN KEY (ClientID) REFERENCES Clients(ClientID), 
FOREIGN KEY (ProductID) REFERENCES Products(ProductID)); 
  
CREATE TABLE Notifications (NotificationID INT AUTO_INCREMENT PRIMARY KEY, Notification VARCHAR(256), DateTime TIMESTAMP NOT NULL); 
 
INSERT INTO Employees (EmployeeID, FullName, JobTitle, Department, AddressID) VALUES    
  
(1, "Seamus Hogan", "Manager", "Management", 7),    
  
(2, "Thomas Eriksson", "Assistant ", "Sales", 8),   
  
(3, "Simon Tolo", "Head Chef", "Management", 9),   
  
(4, "Francesca Soffia", "Assistant  ", "Human Resources", 10),   
  
(5, "Emily Sierra", "Accountant", "Finance", 11),    
  
(6, "Greta Galkina", "Accountant", "Finance", 12);  
  
  
  
INSERT INTO Activity(ActivityID, Properties) VALUES   
  
(1, '{ "ClientID": "Cl1", "ProductID": "P1", "Order": "True" }' ),   
  
(2, '{ "ClientID": "Cl2", "ProductID": "P4", "Order": "False" }' ),   
  
(3, '{ "ClientID": "Cl5", "ProductID": "P5", "Order": "True" }' ); 
  
  
  
INSERT INTO Clients(ClientID, FullName, ContactNumber, AddressID) VALUES   
  
("Cl1", "Takashi Ito", 351786345, 1),   
  
("Cl2", "Jane Murphy", 351567243, 2),   
  
("Cl3", "Laurina Delgado", 351342597, 3),   
  
("Cl4", "Benjamin Clauss", 351342509, 4),   
  
("Cl5", "Altay Ayhan", 351208983, 5),   
  
("Cl6", "Greta Galkina", 351298755, 6);     
  
  
INSERT INTO Products (ProductID, ProductName, BuyPrice, SellPrice, NumberOfITems) VALUES   
  
("P1", "Artificial grass bags ", 40, 50, 100),   
  
("P2", "Wood panels", 15, 20, 250),   
  
("P3", "Patio slates", 35, 40, 60),   
  
("P4", "Sycamore trees ", 7, 10, 50),   
  
("P5", "Trees and Shrubs", 35, 50, 75),   
  
("P6", "Water fountain", 65, 80, 15); 
  
  
  
INSERT INTO Addresses(AddressID, Street, County) VALUES   
  
(1, ",291 Oak Wood Avenue", "Graham County"),   
  
(2, "724 Greenway Drive", "Pinal County"),   
  
(3, "102 Sycamore Lane", "Santa Cruz County"),   
  
(4, "125 Roselawn Close", "Gila County"),   
  
(5, "831 Beechwood Terrace", "Cochise County"),  
  
(6, "755 Palm Tree Hills", "Mohave County"),   
  
(7, "751 Waterfall Hills", "Tuscon County") ,   
  
(8, "878 Riverside Lane", "Tuscon County") ,   
  
(9, "908 Seaview Hills", "Tuscon County"),   
  
(10, "243 Waterview Terrace", "Tuscon County"),   
  
(11, "148 Riverview Lane", "Tuscon County"),    
  
(12, "178 Seaview Avenue", "Tuscon County");  
  
  
INSERT INTO Orders (OrderID, ClientID, ProductID , Quantity, Cost, Date) VALUES   
  
(1, "Cl1", "P1", 10, 500, "2020-09-01" ),   
  
(2, "Cl2", "P2", 5, 100, "2020-09-05"),   
  
(3, "Cl3", "P3", 20, 800, "2020-09-03"),   
  
(4, "Cl4", "P4", 15, 150, "2020-09-07"),   
  
(5, "Cl3", "P3", 10, 450, "2020-09-08"),   
  
(6, "Cl2", "P2", 5, 800, "2020-09-09"),   
  
(7, "Cl1", "P4", 22, 1200, "2020-09-10"),   
  
(8, "Cl3", "P1", 15, 150, "2020-09-10"),   
  
(9, "Cl1", "P1", 10, 500, "2020-09-12"),   
  
(10, "Cl2", "P2", 5, 100, "2020-09-13"),   
  
(11, "Cl4", "P5", 5, 100, "2020-09-15"),  
  
(12, "Cl1", "P1", 10, 500, "2022-09-01" ),   
  
(13, "Cl2", "P2", 5, 100, "2022-09-05"),   
  
(14, "Cl3", "P3", 20, 800, "2022-09-03"),   
  
(15, "Cl4", "P4", 15, 150, "2022-09-07"),   
  
(16, "Cl3", "P3", 10, 450, "2022-09-08"),   
  
(17, "Cl2", "P2", 5, 800, "2022-09-09"),   
  
(18, "Cl1", "P4", 22, 1200, "2022-09-10"),   
  
(19, "Cl3", "P1", 15, 150, "2022-09-10"),   
  
(20, "Cl1", "P1", 10, 500, "2022-09-12"),   
  
(21, "Cl2", "P2", 5, 100, "2022-09-13"),    
  
(22, "Cl2", "P1", 10, 500, "2021-09-01" ),   
  
(23, "Cl2", "P2", 5, 100, "2021-09-05"),   
  
(24, "Cl3", "P3", 20, 800, "2021-09-03"),   
  
(25, "Cl4", "P4", 15, 150, "2021-09-07"),   
  
(26, "Cl1", "P3", 10, 450, "2021-09-08"),   
  
(27, "Cl2", "P1", 20, 1000, "2022-09-01" ),   
  
(28, "Cl2", "P2", 10, 200, "2022-09-05"),   
  
(29, "Cl3", "P3", 20, 800, "2021-09-03"),   
  
(30, "Cl1", "P1", 10, 500, "2022-09-01" ); 
--A function that finds the average cost of a product
CREATE FUNCTION FindAverageCost(YearInput INT) 
RETURNS DECIMAL(10,2) DETERMINISTIC 
RETURN (SELECT AVG(Cost) FROM Orders WHERE YEAR(Date) = YearInput); 
--stored procedure that outputs the total number of items sold during the last three years for the P1
DELIMITER // 
CREATE PROCEDURE EvaluateProduct(IN product_id VARCHAR(10), OUT SoldItemsIn2020 INT, OUT SoldItemsIn2021 INT, OUT SoldItemsIn2022 INT)
BEGIN
SELECT SUM(Quantity) INTO SoldItemsIn2020 FROM Orders WHERE ProductID=product_id AND YEAR(Date)=2020; 
SELECT SUM(Quantity) INTO SoldItemsIn2021 FROM Orders WHERE ProductID=product_id AND YEAR(Date)=2021;
SELECT SUM(Quantity) INTO SoldItemsIn2022 FROM Orders WHERE ProductID=product_id AND YEAR(Date)=2022; 
END //
DELIMITER ;
CALL EvaluateProduct('P1', @sold_items_2020, @sold_items_2021, @sold_items_2022);
SELECT @sold_items_2020, @sold_items_2021, @sold_items_2022;

--A trigger that upadates the audit table when a new record of data is added to the order table
CREATE TRIGGER UpdateAudit AFTER INSERT 
ON Orders 
FOR EACH ROW 
INSERT INTO Audit (OrderDateTime) 
VALUES (Current_timestamp);

--An optimized query that optimize full name of clients and employees from client and employee table and the address from address table
SELECT Employees.FullName, Addresses.Street, Addresses.County 
FROM Employees INNER JOIN Addresses 
ON Employees.AddressID = Addresses.AddressID
UNION
SELECT Clients.FullName, Addresses.Street, Addresses.County 
FROM Clients INNER JOIN Addresses ON Clients.AddressID = Addresses.AddressID 
ORDER BY Street;

--An optimized query that finds out the total quantity of products sold using common table expression
WITH
P2_Sales_2020 AS (SELECT CONCAT(SUM(Cost), " (2020)") AS "Total sum of P2 Product" FROM Orders WHERE YEAR(Date) = 2020 AND ProductID= "P2"),
P2_Sales_2021 AS (SELECT CONCAT(SUM(Cost), " (2021)") AS "Total sum of P2 Product" FROM Orders WHERE YEAR(Date) = 2021 AND ProductID= "P2"),
P2_Sales_2022 AS (SELECT CONCAT(SUM(Cost), " (2022)") AS "Total sum of P2 Product" FROM Orders WHERE YEAR(Date) = 2022 AND ProductID= "P2")
SELECT * FROM P2_Sales_2020
UNION
SELECT * FROM P2_Sales_2021
UNION
SELECT * FROM P2_Sales_2022;

--using json properties to output information on the activity table
SELECT Activity.Properties ->>'$.ClientID' 
AS ClientID, Activity.Properties ->>'$.ProductID' 
AS ProductID, Clients.FullName, Clients.ContactNumber 
FROM Clients RIGHT JOIN Activity 
ON Clients.ClientID = Activity.Properties ->>'$.ClientID';

--procedure to access the profit generated by top selling product
DELIMITER //
CREATE PROCEDURE GetProfit(IN product_id VARCHAR(10), IN YearInput INT)
BEGIN
DECLARE profit DEC(7,2) DEFAULT 0.0; 
DECLARE sold_quantity, buy_price, sell_price INT DEFAULT 0;
SELECT SUM(Quantity) INTO sold_quantity FROM Orders WHERE ProductID = product_id AND YEAR(Date) = YearInput; 
SELECT BuyPrice INTO buy_price FROM Products WHERE ProductID = product_id; 
SELECT SellPrice INTO sell_price FROM Products WHERE ProductID = product_id;
SET profit = (sell_price * sold_quantity) - (buy_price * sold_quantity);
Select profit; 
END //
DELIMITER ;
CALL GetProfit('P1', 2020);

--a virtual table to access summary information
CREATE VIEW DataSummary AS SELECT Clients.FullName, Clients.ContactNumber, Addresses.County, Products.ProductName, 
  Orders.ProductID, Orders.Cost, Orders.Date FROM Clients INNER JOIN 
  Addresses ON Clients.AddressID = Addresses.AddressID INNER JOIN Orders ON Clients.ClientID = Orders.ClientID INNER JOIN 
  Products ON Orders.ProductID = Products.ProductID WHERE YEAR(Orders.Date) = 2022 ORDER BY Orders.Cost DESC;
